"","Team","Player","Pos","College"
"1","ARZ","Agudosi, Carlton","WR","Rutgers"
"2","ARZ","Alsadek, Jacob","G","Arizona"
"3","ARZ","Anau, Siupeli","DT","Northern Arizona"
"4","ARZ","Arnold, Brandon","DB","Oregon State"
"5","ARZ","Battle, Elijah","DB","West Virginia"
"6","ARZ","Beauharnais, Steve","LB","Rutgers"
"7","ARZ","Bradford, Carl","LB","Arizona State"
"8","ARZ","Brown, Joe","DB","Western Kentucky"
"9","ARZ","Bullitt, Terrance","LB","Texas Tech"
"10","ARZ","Bunche, Malcolm","G","UCLA"
"11","ARZ","Calhoun, D.J.","LB","Arizona State"
"12","ARZ","Chappell, Devin","DB","Oregon State"
"13","ARZ","Cook, Tim","RB","Oregon State"
"14","ARZ","Cotton-Moya, Kamari","DB","Iowa State"
"15","ARZ","Crockett, John","RB","North Dakota State"
"16","ARZ","Davidson, Joe","P","Bowling Green"
"17","ARZ","Demps, Wyatt","WR","Nevada-Reno"
"18","ARZ","Dillon, K.J.","DB","West Virginia"
"19","ARZ","Dooley, Nicholas","LS","Texas El-Paso"
"20","ARZ","Downey, Da’Sean","LB","Massachusetts"
"21","ARZ","Dunlap, Jaylen","DB","Illinois"
"22","ARZ","Fafaul, Mike","QB","UCLA"
"23","ARZ","Fisher, James","LS","North Dakota State"
"24","ARZ","Goforth, Randall","DB","UCLA"
"25","ARZ","Goodman, Tony","DB","Chowan"
"26","ARZ","Grant, Doran","DB","Ohio State"
"27","ARZ","Hamlett, Connor","TE","Oregon State"
"28","ARZ","Hardison, Marcus","DT","Arizona State"
"29","ARZ","Hill, Bronson","RB","Eastern Michigan"
"30","ARZ","Jenkins, Joshua","DB","Army"
"31","ARZ","Jessop, Conor","QB","Shepherd"
"32","ARZ","Johnson, Chris","DT","Western Kentucky"
"33","ARZ","Johnson, Steven","LB","Kansas"
"34","ARZ","Jones, Davon","LB","Mississippi Valley State"
"35","ARZ","Jones, Jarnor Jay","DB","Iowa State"
"36","ARZ","Judd, Jacob","C","Western Illinois"
"37","ARZ","Keizer, Nick","TW","Grand Valley State"
"38","ARZ","Krause, Jake","G","Bemidji State"
"39","ARZ","Langford, Ryan","LB","New Mexico"
"40","ARZ","Latimore, Monteze","DB","Central Missouri"
"41","ARZ","Lauderdale, Andrew","T","New Hampshire"
"42","ARZ","Lee, Cameron","T","Illinois State"
"43","ARZ","Lee, Chris","DT","Norfolk State"
"44","ARZ","Lucien, Devin","WR","Arizona State"
"45","ARZ","Maiava, Lene","T","Arizona"
"46","ARZ","McMeans, Anthony","T","New Mexico State"
"47","ARZ","Moore, Kendall","TE","Syracuse"
"48","ARZ","Morgan, Nyles","LB","Notre Dame"
"49","ARZ","Moore, Rahim","DB","UCLA"
"50","ARZ","Mullaney, Richard","WR","Oregon State"
"51","ARZ","Murphy, Ryan","DB","Oregon State"
"52","ARZ","Obasuyi, Owen","DE","Hampton"
"53","ARZ","Ohnesorge, Jacob","C","South Dakota State"
"54","ARZ","Pipkins, Ondre","DT","Texas Tech"
"55","ARZ","Pressley, Jhurell","RB","New Mexico"
"56","ARZ","Reyes, Cole","DB","North Dakota"
"57","ARZ","Richard, Demario","RB","Arizona State"
"58","ARZ","Robinson, Edmond","LB","Newberry"
"59","ARZ","Rose, Larry","RB","New Mexico State"
"60","ARZ","Ross, Rashad","WR","Arizona State"
"61","ARZ","Rotimi, Olubunmi","DE","Old Dominion"
"62","ARZ","Shonola, Prince","WR","Rocky Mountain"
"63","ARZ","Staggers, Allenzae","WR","Southern Mississippi"
"64","ARZ","Sutton, Will","DT","Arizona State"
"65","ARZ","Symmank, Taylor","P","Texas Tech"
"66","ARZ","Taylor, Robert","DB","Washington State"
"67","ARZ","Teuhema, Sione","LB","Southeastern Louisiana"
"68","ARZ","Thronton, Hugh","G","Illinois"
"69","ARZ","Villamin, Jordan","WR","Oregon State"
"70","ARZ","Walker, Kenneth III","WR","UCLA"
"71","ARZ","Weiss, Brant","T","Toledo"
"72","ARZ","White, Torian","T","Hampton"
"73","ARZ","Williams, Bryce","TE","East Carolina"
"74","ARZ","Williams, Kieron","DB","Nebraska"
"75","ARZ","Willis, Corey","WR","Central Michigan"
"76","ARZ","Yates, Rykeem","DE","Nevada-Reno"
"77","ATL","Austin, Lance","DB","Georgia Tech"
"78","ATL","Austin, Lawrence","DB","Georgia Tech"
"79","ATL","Bailey, Andrew","DT","Louisville"
"80","ATL","Baird, Michael","G","Wisconsin-Platteville"
"81","ATL","Barnes, T.J.","DT","Georgia Tech"
"82","ATL","Barnes, Tavaris","DE","Clemson"
"83","ATL","Barry, Dominic","LB","Western New Mexico"
"84","ATL","Bass, Darrian","LB","Missouri Western"
"85","ATL","Bass, Khalil","LB","Portland State"
"86","ATL","Batiste, Tarris","DB","Georgia State"
"87","ATL","Bolin, Kyle","QB","Louisville"
"88","ATL","Brown, DeAngelo","DT","Louisville"
"89","ATL","Buchanan, Ray","DB","Northern Iowa"
"90","ATL","Burden, Freddie","G","Georgia Tech"
"91","ATL","Calhoun, Kendall","T","Cincinnati"
"92","ATL","Carr, Jason","DT","West Georgia"
"93","ATL","Carter, Reggie","LB","Georgia"
"94","ATL","Caskin, Andrew","TE","William & Mary"
"95","ATL","Cheridor, Mackendry","DE","Georgia State"
"96","ATL","Christian, Gerald","TE","Louisville"
"97","ATL","Clark, James","WR","Ohio State"
"98","ATL","Davis, P.J.","LB","Georgia Tech"
"99","ATL","Dawson, Sheldon","DB","Tennessee-Martin"
"100","ATL","Dean, David","DT","Virginia"
"101","ATL","Diggs, Vontae","LB","Connecticut"
"102","ATL","Donatell, Steve","TE","Western Kentucky"
"103","ATL","Drennon, Dajuan","LB","North Carolina"
"104","ATL","Farris, Chase","T","Ohio State"
"105","ATL","Freeman, KeShun","LB","Georgia Tech"
"106","ATL","Folson, Tarean","RB","Notre Tech"
"107","ATL","Fullum, Terrence","DT","Richmond"
"108","ATL","Gallon, Jeremy","WR","Michigan"
"109","ATL","Garrett, Keyarris","WR","Tulsa"
"110","ATL","Graham, Tyson","DB","South Dakota"
"111","ATL","Griffin, Corey","DB","Georgia Tech"
"112","ATL","Harding, Heath","DB","Miami (OH)"
"113","ATL","Hart, Marvin","DB","Stony Brook"
"114","ATL","Henderman, Mike","G","Liberty"
"115","ATL","Henderson, Tyshon","T","Clark-Atlanta"
"116","ATL","Hill, Stephen","WR","Georgia Tech"
"117","ATL","Holba, Colin","LS","Louisville"
"118","ATL","Holman, Justin","QB","Central Florida"
"119","ATL","Howard, Bug","WR","North Carolina"
"120","ATL","Howard, Darrien","DT","West Virginia"
"121","ATL","Hunter, Khalil","G","Louisville"
"122","ATL","Hunter, Vincent","T","Jackson State"
"123","ATL","Jean-Felix, Sandley","DT","Marshall"
"124","ATL","Johnson, Kerron","LB","Coastal Carolina"
"125","ATL","Johnson, Richard","DE","Howard"
"126","ATL","Jones, J.T.","DE","Miami (OH)"
"127","ATL","Jones, Malachi","WR","Appalachian State"
"128","ATL","Jones, Seantavius","WR","Valdosta State"
"129","ATL","Kling, John","T","Buffalo"
"130","ATL","LaRoche, Linkoln","DT","Bluffton"
"131","ATL","Larrieux, Voghens","T","Coastal Carolina"
"132","ATL","Lawrence, Desmond","DB","North Carolina"
"133","ATL","Maddaluna, John","WR","Colgate"
"134","ATL","Marvin, David","P","Wofford"
"135","ATL","Mauger, Quincy","DB","Georgia"
"136","ATL","Merritt, Carlos","DB","Campbell"
"137","ATL","Miles, Donnie","DB","North Carolina"
"138","ATL","Morgan, Kye","DB","Stony Brook"
"139","ATL","Motuapuaka, Andrew","LB","Virginia Tech"
"140","ATL","Murray, Aaron","QB","Georgia"
"141","ATL","Nicolas, Dadi","LB","Virginia Tech"
"142","ATL","O’Brien, Patrick","QB","Catawba"
"143","ATL","Pagano, Scott","DT","Clemson"
"144","ATL","Pascascio, Gio","WR","Louisville"
"145","ATL","Pelletier, Troy","WR","Lehigh"
"146","ATL","Pertile, Brandon","T","Virginia"
"147","ATL","Pruehs, Jake","T","Ohio"
"148","ATL","Pujals, Peter","QB","Holy Cross"
"149","ATL","Quick, James","WR","Louisville"
"150","ATL","Robinson, Denard","RB","Michigan"
"151","ATL","Samuel, Trey","RB","South Carolina State"
"152","ATL","Sanders, Kendall","DB","Arkansas State"
"153","ATL","Schmidt, Matthew","T","Furman"
"154","ATL","Sims, Tee","LB","Appalachian State"
"155","ATL","Simmons, Antonio","DE","Georgia Tech"
"156","ATL","Simms, Matt","QB","Tennessee"
"157","ATL","Smith, Van","DB","Clemson"
"158","ATL","Spain, Bentley","T","North Carolina"
"159","ATL","Standberry, Charles","TE","Louisville"
"160","ATL","Swann, Damian","DB","Georgia"
"161","ATL","Thomas, Stacy","LB","Louisville"
"162","ATL","Thompson, Gary","DT","Marshall"
"163","ATL","Vason, Laronji","DB","West Georgia"
"164","ATL","Watts, Brandon","LB","Georgia Tech"
"165","ATL","Westphal, Ross","G","Upper Iowa"
"166","ATL","Wiggins, Shaquille","DB","Louisville"
"167","ATL","Wilson, Kirk","RB","Shorter"
"168","BRM","Adams, Nelson","DE","Mississippi State"
"169","BRM","Addison,Brandun","DB","Gardner-Webb"
"170","BRM","Adeoye, Aaron","DE","Southeast Missouri State"
"171","BRM","Barge, Josh","WR","Jacksonville State"
"172","BRM","Barnes, Brandon","TE","Alabama State"
"173","BRM","Beckwith, Marquell","RB","Troy"
"174","BRM","Black, Chris","WR","Alabama"
"175","BRM","Bowman, Braedon","TE","South Alabama"
"176","BRM","Boyd, Josh","DT","Mississippi State"
"177","BRM","Brantley, Harold","DT","Northwest Missouri State"
"178","BRM","Bray, Quan","WR","Auburn"
"179","BRM","Brown, Beniquez","LB","Mississippi State"
"180","BRM","Brown, Darrell","T","Louisiana Tech"
"181","BRM","Brown, Leon","G","Alabama"
"182","BRM","Bryant, Christian","DB","Ohio State"
"183","BRM","Campbell, Elijah","DB","Northern Iowa"
"184","BRM","Carlisle, Amir","WR","Notre Dame"
"185","BRM","Coprich, Marshaun","RB","Illinois State"
"186","BRM","Cox, Aaron","C","Grand Valley State"
"187","BRM","Dallas, Jackson","C","Portland State"
"188","BRM","Davis, Chris","DB","Auburn"
"189","BRM","Davis, Connor","TE","Stony Brook"
"190","BRM","Dickson, Xzavier","LB","Alabama"
"191","BRM","Durr, Lashard","DB","Mississippi State"
"192","BRM","Edwards, Allen","DE","Pittsburgh"
"193","BRM","Etta-Tawo, Amba","WR","Maryland"
"194","BRM","Faulk, Jeremy","DT","Garden City CC"
"195","BRM","Felton, DeVozea","WR","Tuskegee"
"196","BRM","Garcia, Stephen","QB","South Carolina"
"197","BRM","Gibbs, John","QB","Alcorn State"
"198","BRM","Graham, Larson","T","Duquesne"
"199","BRM","Greene, Brandon","T","Alabama"
"200","BRM","Hagen, Jacob","DB","Liberty"
"201","BRM","Hassenauer, J.C.","C","Alabama"
"202","BRM","Hatley, Rickey","DT","Missouri"
"203","BRM","Howell, Tyler","T","Missouri"
"204","BRM","Isaac, Ty","RB","Michigan"
"205","BRM","Jackson, Dominick","T","Alabama"
"206","BRM","James, Nick","DT","Mississippi State"
"207","BRM","Jenkins, Eli","QB","Jacksonville State"
"208","BRM","Johnson, Shane","LB","Coastal Carolina"
"209","BRM","King, Jason","G","Purdue"
"210","BRM","Kirven, Korren","T","Alabama"
"211","BRM","Lee, Sam","G","Augustana"
"212","BRM","Leslie, Darnell","LB","Monmouth"
"213","BRM","Massaquoi, Jonathan","LB","Troy"
"214","BRM","Nitti, R.J.","QB","Bucknell"
"215","BRM","Novak, Nick","K","Maryland"
"216","BRM","O’Brien, Kitt","G","Ball State"
"217","BRM","Okaye, Lawrence","DT",""
"218","BRM","Outlaw, Lonnie","WR","Miles"
"219","BRM","Payne, Jake","DE","Shenandoah"
"220","BRM","Penton, Aarion","DB","Missouri"
"221","BRM","Perez, Luis","QB","Texas A&M-Commerce"
"222","BRM","Powell, Ike","LS","Auburn"
"223","BRM","Powell, Jonathan","TE","Ouachita Baptist"
"224","BRM","Redfield, Max","DB","Indiana (PA)"
"225","BRM","Richardson, Trent","RB","Alabama"
"226","BRM","Robinson, Jamal","WR","Louisiana-Lafayette"
"227","BRM","Ross, Brandon","RB","Maryland"
"228","BRM","Rowzee, Steven","G","Troy"
"229","BRM","Salmon, Shaheed","LB","Samford"
"230","BRM","Sawyer, Dante","DE","South Carolina"
"231","BRM","Sayles, Casey","DT","Ohio"
"232","BRM","Saxton, Wes","TE","South Alabama"
"233","BRM","Schleuger, Chris","G","Alabama-Birmingham"
"234","BRM","Seither, Nick","DE","Georgetown College (KY)"
"235","BRM","Shepherd, JaCorey","DB","Kansas"
"236","BRM","Shortell, Max","QB","Jacksonville State"
"237","BRM","Sims, Blake","QB","Alabama"
"238","BRM","Skinner, Deontae","LB","Mississippi State"
"239","BRM","Spearman, Ike","LB","Eastern Michigan"
"240","BRM","Summers, Jamar","DB","Connecticut"
"241","BRM","Sylve, Bradley","DB","Alabama"
"242","BRM","Taylor, Devin","DE","South Carolina"
"243","BRM","Therezie, Robenson","DB","Auburn"
"244","BRM","Tolzien, Scott","QB","Wisconsin"
"245","BRM","Torgersen, Alek","QB","Pennsylvania"
"246","BRM","Washington, L’Damian","WR","Missouri"
"247","BRM","Wells, Matthew","LB","Mississippi State"
"248","BRM","White, Ryan","DB","Auburn"
"249","BRM","Wright, Garrison","G","Minnesota"
"250","MEM","Alexander, Donnie","LB","Louisiana State"
"251","MEM","Allen, Ty","C","Tennessee State"
"252","MEM","Andrews, Antonio","RB","Western Kentucky"
"253","MEM","Austin, Jonah","G","Louisiana State"
"254","MEM","Bennifield, Alejandro","QB","Chattanooga"
"255","MEM","Bonds, Terrell","DB","Tennessee State"
"256","MEM","Bouldin, Daronte","G","Mississippi"
"257","MEM","Bowman, Jordan","DB","California (PA)"
"258","MEM","Briggs, Chris","WR","Southeastern Louisiana"
"259","MEM","Cardiello, Josh","C","Chattanooga"
"260","MEM","Clark, Deondre","DE","Louisiana State"
"261","MEM","Cook, Jonathan","DB","Memphis"
"262","MEM","Cook, Troy","QB","Tennessee-Martin"
"263","MEM","Cutrer, Jeremy","DB","Middle Tennessee State"
"264","MEM","Dunker, Jessamen","G","Tennessee State"
"265","MEM","East, Andrew","LS","Vanderbilt"
"266","MEM","Elam, Matt","DT","Kentucky"
"267","MEM","Ferguson, Tyler","QB","Penn State"
"268","MEM","Foreman, Tyler","DB","Portland State"
"269","MEM","Gates, DeMarques","LB","Mississippi"
"270","MEM","Gibson, Damon","TE","Minnesota State-Moorhead"
"271","MEM","Gilmore, Greg","DT","Louisiana State"
"272","MEM","Givens, Chris","WR","Wake Forest"
"273","MEM","Hackenberg, Christian","QB","Penn State"
"274","MEM","Harrington, Brett","DB","Western Kentucky"
"275","MEM","Herndon, Javontee","WR","Arkansas"
"276","MEM","Hicks, Josh","RB","Rutgers"
"277","MEM","Hilliard, Kenny","RB","Louisiana State"
"278","MEM","Horn, Reece","WR","Indianapolis"
"279","MEM","Hosket, Jesse","QB","Southeast Missouri State"
"280","MEM","Howard, Alton","WR","Tennessee"
"281","MEM","Hunt, Justin","WR","Marshall"
"282","MEM","Ifedi, Martin","T","Memphis"
"283","MEM","Jackson, Andrew","LB","Western Kentucky"
"284","MEM","Jasper, Josh","P","Louisiana State"
"285","MEM","Jeter, Colin","TE","Louisiana State"
"286","MEM","Jones, Quentin","DB","Lehigh"
"287","MEM","Joseph, Junior","LB","Connecticut"
"288","MEM","Kuhn, Gabe","G","Memphis"
"289","MEM","Liggins, Jeremy","DT","Mississippi"
"290","MEM","Luckett, Cavellis","LB","Middle Tennessee State"
"291","MEM","Magee, Terrence","RB","Louisiana State"
"292","MEM","Maiden, Brandon","DB","Jackson State"
"293","MEM","Martin, Justin","DB","Tennessee"
"294","MEM","McClain, Blake","DB","Kentucky"
"295","MEM","McKinley, Ryan","DB","Montana"
"296","MEM","McNeil, Pat","DT","Middle Tennessee State"
"297","MEM","Mettenberger, Zach","QB","Louisiana State"
"298","MEM","Mitchell, Tray","DB","Eastern Illinois"
"299","MEM","Monroe, Darion","DB","Tulane"
"300","MEM","Morris, Anthony","T","Tennessee State"
"301","MEM","Morris, Christian","T","Mississippi"
"302","MEM","Mosier, Cole","T","Kentucky"
"303","MEM","Murphy, Richard","TE","North Carolina-Charlotte"
"304","MEM","Myers, Robert","G","Tennessee State"
"305","MEM","Neal, Brandon","DB","Thomas Moore"
"306","MEM","Neal, Rajion","RB","Tennessee"
"307","MEM","Omoile, Oni","C","Iowa State"
"308","MEM","Papilion, Luke","TE","Sioux Falls"
"309","MEM","Pardner, Jahmahl","DB","Memphis"
"310","MEM","Pearson, Von","WR","Tennessee"
"311","MEM","Perry, Kevon","DT","Louisiana-Lafayette"
"312","MEM","Ray, Jonathan","WR","Memphis"
"313","MEM","Reid, Jordan","WR","Ohio"
"314","MEM","Roberson, Waylon","NT","Arkansas State"
"315","MEM","Rush, Xavier","WR","Tulane"
"316","MEM","Semisch, TIm","TE","Northern Illinois"
"317","MEM","Silvers, Brandon","QB","Troy"
"318","MEM","Sims, Darrius","DB","Vanderbilt"
"319","MEM","Smith, Patrick","WR","Tennessee State"
"320","MEM","Smith, Trevon","WR","Arkansas-Monticello"
"321","MEM","Spearman, Reggie","LB","Grand Valley State"
"322","MEM","Stacy, Zac","RB","Vanderbilt"
"323","MEM","Stribling, Channing","DB","Michigan"
"324","MEM","Thigpen, Xavier","LB","Southern Mississippi"
"325","MEM","Thomas, Dallas","G","Tennessee"
"326","MEM","Thomas, Dwayne","DB","Louisiana State"
"327","MEM","Thompson, Brett","TE","Tennessee-Martin"
"328","MEM","Timmons, Ryan","WR","Kentucky"
"329","MEM","Toure, Abou","RB","Tennessee-Martin"
"330","MEM","Tull, Davis","LB","Tennessee-Chattanooga"
"331","MEM","Vereen, Corey","DE","Tennessee"
"332","MEM","Wallace, Trevin","T","Mississippi Valley State"
"333","MEM","Walton, Hershey","DT","Temple"
"334","MEM","Warren, Dale","LB","Chattanooga"
"335","MEM","Weatherd, Chris","DE","Tennessee"
"336","MEM","Weaver, Macklin","DE","Eastern Illinois"
"337","MEM","Webster, Larry","DE","Bloomsburg"
"338","MEM","Williams, Owen","DT","Tennessee"
"339","MEM","Wing, Brad","P","Louisiana State"
"340","MEM","Winston, Jamichael","DE","Arkansas"
"341","ORL","Anderson, Kevin","QB","Fordham"
"342","ORL","Ankrah, Andrew","DE","James Madison"
"343","ORL","Appleby, Austin","QB","Purdue"
"344","ORL","Are, Kareem","G","Florida State"
"345","ORL","Banks, Josh","DE","Wake Forest"
"346","ORL","Barnett, Deondre","LB","Southern Illinois"
"347","ORL","Bass, David","LB","Missouri Western State"
"348","ORL","Blount, Akil","LB","Florida A&M"
"349","ORL","Boykins, Jerod","DB","Central Florida"
"350","ORL","Bracy-Williams, Marvin","WR","Florida State"
"351","ORL","Brutus, Lamarcus","DB","Florida State"
"352","ORL","Burkett, Chequan","LB","Central Florida"
"353","ORL","Canady, Bryce","DB","Florida International"
"354","ORL","Couplin, Jerome","LB","William & Mary"
"355","ORL","Darling, Trevor","T","Miami"
"356","ORL","DeBoer, Dillon","C","Florida Atlantic"
"357","ORL","Dempsey, Tre’","DB","North Dakota State"
"358","ORL","Dixon, Brandon","DB","Northwest Missouri State"
"359","ORL","Dobard, Standish","TE","Miami"
"360","ORL","Dye, Donteea","WR","Heidelberg"
"361","ORL","Eatmon, Quinterrius","T","South Florida"
"362","ORL","Evans, Aaron","T","Central Florida"
"363","ORL","Evans, Josh","DB","Florida"
"364","ORL","Ferris, Drew","LS","Florida"
"365","ORL","Franks, Andrew","K","Rensselaer Polytechnic"
"366","ORL","Fry, Elliot","K","South Carolina"
"367","ORL","Garvin, Terence","LB","West Virginia"
"368","ORL","Gilbert, Garrett","QB","Southern Methodist"
"369","ORL","Godfrey, Jeff","WR","Central Florida"
"370","ORL","Greathouse, Robert","DE","Southeastern"
"371","ORL","Green, Ryan","RB","Florida State"
"372","ORL","Gueard, Antonio","DT","Central Florida"
"373","ORL","Gunter, LaDarius","DB","Miami"
"374","ORL","Hall, Jeremi","G","South Florida"
"375","ORL","Hall, Rannell","WR","Central Florida"
"376","ORL","Hammond, Frankie","WR","Florida"
"377","ORL","Herndon, Mark","RB","Florida"
"378","ORL","Hill, Will","DB","Florida"
"379","ORL","Horton, Justin","LB","Jacksonville"
"380","ORL","Hoskins, Ro’Derrick","LB","Florida State"
"381","ORL","Humphries, K.D.","QB","Murray State"
"382","ORL","Hyman, Ishmael","WR","James Madison"
"383","ORL","Jackson, Tre","G","Florida State"
"384","ORL","Johnson, Randell","LB","Florida Atlantic"
"385","ORL","Johnson, Storm","RB","Central Florida"
"386","ORL","Joseph, Roubbens","G","Buffalo"
"387","ORL","Kuhnert, Austin","T","North Dakota State"
"388","ORL","Lane, Ermon","DB","Florida State"
"389","ORL","Lucas, Marquis","G","West Virginia"
"390","ORL","Lunsford, Izaah","DE","Bowling Green"
"391","ORL","Marshall, Jalin","WR","Ohio State"
"392","ORL","Martin, Chris","T","Central Florida"
"393","ORL","Mathieu, Claudy","DE","Notre Dame College (OH)"
"394","ORL","McCord, Tyriq","LB","Miami"
"395","ORL","McCray, Jordan","G","Central Florida"
"396","ORL","Miller, Jarelle","LB","Jamestown"
"397","ORL","Morrow, Jamal","RB","Washington State"
"398","ORL","Morris, Stephen","QB","Miami"
"399","ORL","Moten, Anthony","DT","Miami"
"400","ORL","Murphy, Tyler","QB","Boston College"
"401","ORL","Myers, Mark","DB","Southeastern"
"402","ORL","Newberry, Giorgio","DE","Florida State"
"403","ORL","Nizialek, Cameron","P","Columbia"
"404","ORL","Northrup, Reggie","LB","Florida State"
"405","ORL","Okine, Earl","DE","Florida"
"406","ORL","Orndoff, Scott","TE","Pittsburgh"
"407","ORL","Orr, Leon","DT","Florida"
"408","ORL","Powell, Ronald","LB","Florida"
"409","ORL","Price, Sean","TE","South Florida"
"410","ORL","Putu, Joseph","DB","Florida"
"411","ORL","Quinn, Willie","WR","Southern U."
"412","ORL","Riggs, Cody","DB","Notre Dame"
"413","ORL","Rodgers, Kacy","DB","Miami"
"414","ORL","Schmidt, Ryan","T","St. Lawrence"
"415","ORL","Sewall, Matt","WR","Bryant"
"416","ORL","Smith, D’Joun","DB","Florida Atlantic"
"417","ORL","Smith, De’Veon","RB","Michigan"
"418","ORL","Soulek, Kellen","DT","South Dakota State"
"419","ORL","Stevenson, Freddie","RB","Florida State"
"420","ORL","Taylor, Kelvin","RB","Florida"
"421","ORL","Thompson, Chris","WR","Florida"
"422","ORL","Turk, Ben","P","Notre Dame"
"423","ORL","Tyms, Brian","WR","Florida A&M"
"424","ORL","Weiser, Matt","TE","Buffalo"
"425","ORL","Williams, Daniel","WR","Jackson State"
"426","ORL","Williams, Raekwon","DB","Florida Atlantic"
"427","SL","Allen, Austin","QB","Arkansas"
"428","SL","Anderson, Dres","WR","Utah"
"429","SL","Applewhite, Jomez","DB","Southern Mississippi"
"430","SL","Armstrong, Tommy Jr.","QB","Nebraska"
"431","SL","Asiata, Matt","RB","Utah"
"432","SL","Balderree, Tanner","TE","Brigham Young"
"433","SL","Banderas, Josh","LB","Nebraska"
"434","SL","Bell, Kenny","WR","Nebraska"
"435","SL","Bennett, Jake","C","Colorado State"
"436","SL","Benoit, Kani","RB","Oregon"
"437","SL","Brown, Cody","DB","Arkansas State"
"438","SL","Brown, Diavante","DT","Liberty"
"439","SL","Brown, Sean","T","Mississippi Valley State"
"440","SL","Callender, Nick","G","Colorado State"
"441","SL","Carew, Tanner","LS","Oregon"
"442","SL","Carrezola, Luke","LB","Connecticut"
"443","SL","Chapman, Mark","WR","Central Michigan"
"444","SL","Colorito, Evan","LB","Colorado State"
"445","SL","Cottom, Brandon","RB","Purdue"
"446","SL","Cummings, Ryan","T","Wyoming"
"447","SL","Daniels, B.J.","QB","South Florida"
"448","SL","Davis, Will","DB","Utah State"
"449","SL","Denham, Anthony","TE","Utah"
"450","SL","Duckworth, Aaron","RB","Idaho"
"451","SL","Dyer, Javier","DT","Reinhardt"
"452","SL","Etta, Emeka","DB","Wayne State"
"453","SL","Figaro, Lubern","DB","Wisconsin"
"454","SL","Geary, Will","DT","Kansas State"
"455","SL","Gilbert, Garrett","QB","Southern Methodist"
"456","SL","Grant, Ashton","WR","Assumtpion"
"457","SL","Hamilton, Darius","DT","Rutgers"
"458","SL","Hights, LaVonte","G","Shepherd"
"459","SL","Hoppes, Tyler","TE","Nebraska"
"460","SL","Hunt, Cameron","T","Oregon"
"461","SL","Hyemang, Lord","DT","Columbia"
"462","SL","Jennings, Adonis","WR","Temple"
"463","SL","Johnson, Jeremiah","DB","Concord (WV)"
"464","SL","Jones, Bryan","LB","Saginaw Valley State"
"465","SL","Jones, Marcus","DB","Northwest Missouri State"
"466","SL","Kanuch, Tuni","G","Brigham Young"
"467","SL","Kelly, Anthony","WR","Kutztown"
"468","SL","Linehan, Matt","QB","Idaho"
"469","SL","Love, Christian","DB","Henderson State"
"470","SL","Luke, Robert","T","Montana"
"471","SL","Malan, Cardon","DE","Weber State"
"472","SL","McCulley, Ty","T","Colorado State-Pueblo"
"473","SL","Moala, David","DT","Utah State"
"474","SL","Mobley, Sam","WR","Catawba"
"475","SL","Monday, Demetrius","DB","Kent State"
"476","SL","Morris, Stephen","QB","Miami"
"477","SL","Moxley, Trae","G","Colorado State"
"478","SL","Muhammad, Khalfani","RB","California"
"479","SL","Nelson, Blake","LB","Colorado-Mesa"
"480","SL","Newby, Terrell","RB","Nebraska"
"481","SL","Norrils, Cheatham","DB","Toledo"
"482","SL","Odom, Chris","DE","Arkansas State"
"483","SL","Olmstead, D.J.","DB","Washburn"
"484","SL","Onunwor, Alfonso","WR","Idaho"
"485","SL","Parker, Trey","DT","Washburn"
"486","SL","Pierson, De’Mornay","WR","Nebraska"
"487","SL","Poutasi, Jeremiah","T","Utah"
"488","SL","Price, Darius","DB","Siena Heights"
"489","SL","Ragin, Johnny III","LB","Oregon"
"490","SL","Rausa, Tyler","K","Boise State"
"491","SL","Rehkow, Austin","P","Idaho"
"492","SL","Reilly, Trevor","LB","Utah"
"493","SL","Roberts, George","T","Delta State"
"494","SL","Robertson, Korey","WR","Southern Mississippi"
"495","SL","Schwab, Ty","LB","Boston College"
"496","SL","Sommerville, Khalil","DT","Buffalo State"
"497","SL","Spencer, Andrew","DB","Winona State"
"498","SL","Tanielu, Handsome","DT","Brigham Young"
"499","SL","Tarver, Cameron","LB","California (PA)"
"500","SL","Taylor, Colton","LS","Virginia Tech"
"501","SL","Thompson, Juwan","RB","Duke"
"502","SL","Tiller, Aaron","LB","Southern U."
"503","SL","Truesdell, Nick","TE","Grand Rapids JC"
"504","SL","Uhatafe, Salesi","G","Utah"
"505","SL","Webster, Javon","LB","Glenville State"
"506","SL","Wieneke, Jake","WR","South Dakota State"
"507","SL","Williams, Anthony","LB","Utah State"
"508","SL","Willis, Keon","DB","Ohio State"
"509","SL","Wilson,Eddy","DE","Purdue"
"510","SL","Wogan, Matt","K","Oregon"
"511","SL","Woodrum, Josh","QB","Liberty"
"512","SL","Wroblewski, Steve","TE","Southern Utah"
"513","SA","Ayers, Demarcus","WR","Houston"
"514","SA","Baggs, Donnie","LB","Texas A&M"
"515","SA","Barnes, Deion","LB","Penn State"
"516","SA","Benton, DaShawn","DB","East Carolina"
"517","SA","Castillo, Sergio","K","West Texas A&M"
"518","SA","Clear, Cameron","TE","Texas A&M"
"519","SA","Cobb, David","RB","Minnesota"
"520","SA","Craig, Winston","DT","Richmond"
"521","SA","Daly, Scott","LS","Notre Dame"
"522","SA","Dickerson, Tre","DB","Emporia State"
"523","SA","Dutra, Chase","DB","Indiana"
"524","SA","Earl, Malik","WR","Missouri State"
"525","SA","Ezechukwu, Danny","LB","Purdue"
"526","SA","Fabuluje, Tayo","T","Texas Christian"
"527","SA","Farrow, Kenneth II","RB","Houston"
"528","SA","Gardner, Tim","T","Alcorn State"
"529","SA","Gilbert, Jamari","DB","Incarnate Word"
"530","SA","Godin, Matthew","DT","Michigan"
"531","SA","Gonzales, Herbert","NT","Texas State"
"532","SA","Green, Aaron","RB","Texas Christian"
"533","SA","Haynes, Jarod","K","East Central (OK)"
"534","SA","Hines, Will","DB","Southeastern Louisiana"
"535","SA","Howard, Ra’Zahn","DT","Purdue"
"536","SA","Huss, Ben","G","Duquesne"
"537","SA","Jones-Smith, Jaryd","T","Pittsburgh"
"538","SA","Jordan, Austin","TE","Texas A&M-Commerce"
"539","SA","Lanning, Joel","LB","Iowa State"
"540","SA","Letuli, Jovann","G","Akron"
"541","SA","Lewis, Patrick","C","Texas A&M"
"542","SA","Liggins, Justice","WR","Stephen F. Austin"
"543","SA","Mabry, Ashaad","DT","Texas-San Antonio"
"544","SA","Mays, Boomer","LB","Norther Illinois"
"545","SA","Mbu, Joey","DT","Houston"
"546","SA","McDonald, Andrew","T","Indiana"
"547","SA","McPhearson, Josh","RB","Penn State"
"548","SA","Mickey, Max","RB","Sioux Falls"
"549","SA","Miley, Arthur","DE","Southern U."
"550","SA","Myers, Robert","LB","Minnesota State"
"551","SA","Nickelson, Tristan","T","Texas"
"552","SA","Noil, Speedy","WR","Texas A&M"
"553","SA","Oliver, Marcus","G","Houston"
"554","SA","Petrose, Aamir","DE","Wesley"
"555","SA","Porter, Mo","T","Baylor"
"556","SA","Reden, Stehly","TE","Texas A&M-Kingsville"
"557","SA","Richardson, Cyril","G","Baylor"
"558","SA","Richardson, Daryl","RB","Abilene Christian"
"559","SA","Robinson, Khiry","RB","West Texas A&M"
"560","SA","Sanchez, Zack","DB","Oklahoma"
"561","SA","Shed, Brandon","WR","Hobart"
"562","SA","Sheehy, John","DE","West Texas A&M"
"563","SA","Shockley, Ed","LB","Villanova"
"564","SA","Smigiera, Andy","DB","Robert Morris"
"565","SA","Smith, Marlon","DE","Texas-San Antonio"
"566","SA","Smith, Riley","WR","West Texas A&M"
"567","SA","Stewart, Josh","WR","Texas-San Antonio"
"568","SA","Teuhema, Maea","T","Southeastern Louisiana"
"569","SA","Thomas, Duke","DB","Texas"
"570","SA","Thomas, Jordan","DB","Oklahoma"
"571","SA","Sturm, Dalton","QB","Texas-San Antonio"
"572","SA","Tsesmetzis, Dimitrios","TE","Western Connecticut State"
"573","SA","Vaughan, Dustin","QB","West Texas A&M"
"574","SA","Wade, Jordan","NT","Oklahoma"
"575","SA","Williams, Jaboree","LB","Wake Forest"
"576","SA","White, Oscar","DB","Dubuque"
"577","SA","Whitley, Carl","WR","Abilene Christian"
"578","SA","Williams, Marquise","QB","North Carolina"
"579","SA","Winfrey, Dillion","DB","Central Arkansas"
"580","SA","Woodside, Logan","QB","Toledo"
"581","SA","Wren, Erick","C","Oklahoma"
"582","SA","Zamora, Ishmael","WR","Baylor"
"583","SA","Zema, Joseph","P","Incarnate Word"
"584","SD","Adjei-Barimah, Jude","DB","Bowling Green"
"585","SD","Barrett, Alex","DT","San Diego State"
"586","SD","Baugh, Marcus","TE","Ohio State"
"587","SD","Benton, Al-Rasheed","LB","West Virginia"
"588","SD","Bercovici, Mike","QB","Arizona State"
"589","SD","Burse, Isaiah","WR","Fresno State"
"590","SD","Capers, Wayne","WR","Duquesne"
"591","SD","Cohen, Matt","C","Lehigh"
"592","SD","Disalvo, Ryan","LS","San Jose State"
"593","SD","Dixon, Derrick","DT","Southern Mississippi"
"594","SD","Ducre, Greg","RB","Washington"
"595","SD","Duncan, Jose","DT","Rhode Island"
"596","SD","Feeney, Travis","LB","Washington"
"597","SD","Fleer, Austin","T","Colorado-Mesa"
"598","SD","Floyd, Jevon","WR","Jackson State"
"599","SD","Ford, Dontez","WR","Pittsburgh"
"600","SD","Gandy, Jordon","WR","Murray State"
"601","SD","Gardner, Ja’Quan","RB","Humboldt State"
"602","SD","Ginda, Frank","LB","San Jose State"
"603","SD","Gonzalez, Laquvionte","WR","Southeastern (FL)"
"604","SD","Greene, Darrell","G","San Diego State"
"605","SD","Gross, Marvin","DB","West Virginia"
"606","SD","Hampton, DeQuan","WR","Southern California"
"607","SD","Hill, Michael","DT","Ohio State"
"608","SD","Hodges, Brandon","T","Pittsburgh"
"609","SD","Holder, Tyree","DB","Ball State"
"610","SD","Irwin-Hill, Sam","P","Arkansas"
"611","SD","James, Kendall","DB","Maine"
"612","SD","James, Paul","RB","Rutgers"
"613","SD","Johnson, Ben","TE","Kansas"
"614","SD","Johnson, Josh","QB","San Diego"
"615","SD","Kelly, Kameron","DB","San Diego State"
"616","SD","Koloamatangi, Meffy","DT","Hawaii"
"617","SD","Kolone, Jeremiah","T","San Jose State"
"618","SD","Kough, Gerard","T","Colorado"
"619","SD","Lewis, Kyle","WR","Cal Poly"
"620","SD","Lotuleli, John","LB","Nevada-Las Vegas"
"621","SD","Mama, Damien","G","Southern California"
"622","SD","Martin, Jordan","DB","Syracuse"
"623","SD","Marx, Daniel","RB","Stanford"
"624","SD","Matovu, Jason","DB","Maine"
"625","SD","McDade, Marcus","QB","Fresno State"
"626","SD","McGee, Naim","DB","San Diego State"
"627","SD","McKnight, Gary","WR","Northeastern State"
"628","SD","Mikell, Curtis","DB","Southern Mississippi"
"629","SD","Moeller, Ryan","DB","Colorado"
"630","SD","Montelus, John","T","Notre Dame"
"631","SD","Murphy, Cole","K","Syracuse"
"632","SD","Nash, Myles","DE","Rutgers"
"633","SD","Nelson, Philip","QB","East Carolina"
"634","SD","Nunn, Beau","G","Appalachian State"
"635","SD","Okeke, Tobenna","LB","Fresno State"
"636","SD","Olugbode, Kenneth","LB","Colorado"
"637","SD","Owusu, Francis","WR","Stanford"
"638","SD","Peck, Aaron","TE","Fresno State"
"639","SD","Pericak, Will","G","Colorado"
"640","SD","Petersen, Jonathan","DE","San Diego"
"641","SD","Pinner, Jahleel","RB","Southern California"
"642","SD","Poole, Terry","T","San Diego State"
"643","SD","Price, Keith","QB","Washington"
"644","SD","Richardson, Darryl","TE","San Diego State"
"645","SD","Robinson, Gelen","DT","Purdue"
"646","SD","Rodgers, Khaliel","G","Southern California"
"647","SD","Rogers, Darreus","WR","Southern California"
"648","SD","Ross, Alex","QB","Costal Carolina"
"649","SD","Sankey, Bishop","RB","Washington"
"650","SD","Sarao, Anthony","LB","Southern California"
"651","SD","Searles, Jerron","G","Delaware State"
"652","SD","Soto, Shakir","DT","Pittsburgh"
"653","SD","Spruce, Nelson","WR","Colorado"
"654","SD","Stelter, Andrew","DT","Minnesota"
"655","SD","Thomas, Jonathan","LB","Syracuse"
"656","SD","Thornton, Tyler","DB","Azusa Pacific"
"657","SD","Tupou, Taniela","DT","Washington"
"658","SD","Watson, Terrell","RB","Azusa Pacific"
"659","SD","Williams, Justin","DB","Hampton"
"660","SD","Wright, Demetrius","DB","Southern California"
